id,full_name,job_title,department,gender,age
E02387,Emily Davis,Sr. Manger,IT,Female,55
E04105,Theodore Dinh,Technical Architect,IT,Male,59
E02572,Luna Sanders,Director,Finance,Female,50
E02832,Penelope Jordan,Computer Systems Manager,IT,Female,26
E01639,Austin Vo,Sr. Analyst,Finance,Male,55
E00644,Joshua Gupta,Account Representative,Sales,Male,57
E01550,Ruby Barnes,Manager,IT,Female,27
E04332,Luke Martin,Analyst,Finance,Male,25
E04533,Easton Bailey,Manager,Accounting,Male,29
E03838,Madeline Walker,Sr. Analyst,Finance,Female,34
E00591,Savannah Ali,Sr. Manger,Human Resources,Female,36
E03344,Camila Rogers,Controls Engineer,Engineering,Female,27
E00530,Eli Jones,Manager,Human Resources,Male,59
E04239,Everleigh Ng,Sr. Manger,Finance,Female,51
E03496,Robert Yang,Sr. Analyst,Accounting,Male,31
E00549,Isabella Xi,Vice President,Marketing,Female,41
E00163,Bella Powell,Director,Finance,Female,65
E00884,Camila Silva,Sr. Manger,Marketing,Female,64
E04116,David Barnes,Director,IT,Male,64
E04625,Adam Dang,Director,Sales,Male,45
E03680,Elias Alvarado,Sr. Manger,IT,Male,56
E04732,Eva Rivera,Director,Sales,Female,36
E03484,Logan Rivera,Director,IT,Male,59
E00671,Leonardo Dixon,Analyst,Sales,Male,37
E02071,Mateo Her,Vice President,Sales,Male,44
E02206,Jose Henderson,Director,Human Resources,Male,41
E04545,Abigail Mejia,Quality Engineer,Engineering,Female,56
E00154,Wyatt Chin,Vice President,Engineering,Male,43
E03343,Carson Lu,Engineering Manager,Engineering,Male,64
E00304,Dylan Choi,Vice President,IT,Male,63
E02594,Ezekiel Kumar,IT Coordinator,IT,Male,28
E00402,Dominic Guzman,Analyst,Finance,Male,65
E01994,Angel Powell,Analyst II,Sales,Male,61
E03549,Mateo Vu,Account Representative,Sales,Male,30
E03247,Caroline Jenkins,Analyst,Finance,Female,27
E02074,Nora Brown,Enterprise Architect,IT,Female,32
E04152,Adeline Huang,Controls Engineer,Engineering,Female,34
E01628,Jackson Perry,Vice President,Marketing,Male,27
E04285,Riley Padilla,Technical Architect,IT,Female,35
E01417,Leah Pena,Enterprise Architect,IT,Female,57
E01754,Owen Lam,Sr. Business Partner,Human Resources,Male,30
E03749,Kennedy Foster,Manager,Marketing,Female,53
E03574,John Moore,Vice President,IT,Male,52
E04600,William Vu,Account Representative,Sales,Male,37
E00586,Sadie Washington,Sr. Manger,Marketing,Female,29
E03538,Gabriel Holmes,Enterprise Architect,IT,Male,40
E02185,Wyatt Rojas,Computer Systems Manager,IT,Male,32
E03830,Eva Coleman,Director,IT,Female,37
E03720,Dominic Clark,Quality Engineer,Engineering,Male,52
E03025,Lucy Alexander,Director,Engineering,Female,45
E04917,Everleigh Washington,HRIS Analyst,Human Resources,Female,64
E00415,Leilani Butler,Analyst II,Marketing,Female,27
E02862,Peyton Huang,Sr. Manger,IT,Female,25
E04207,John Contreras,Analyst II,Marketing,Male,35
E02139,Rylee Yu,Director,Accounting,Female,36
E01797,Piper Lewis,Field Engineer,Engineering,Female,33
E01839,Stella Alexander,Automation Engineer,Engineering,Female,52
E01633,Addison Do,Operations Engineer,Engineering,Female,46
E01848,Zoey Jackson,Business Partner,Human Resources,Female,46
E00716,John Chow,Sr. Manger,Marketing,Male,45
E00699,Ava Ayala,Sr. Manger,IT,Female,55
E00502,Natalia Salazar,Sr. Analyst,Accounting,Female,44
E04000,Skylar Carrillo,Engineering Manager,Engineering,Female,44
E02112,Christian Sanders,Vice President,Human Resources,Male,45
E03824,Penelope Coleman,Analyst,Finance,Female,36
E03906,Piper Richardson,Sr. Analyst,Sales,Female,38
E00436,Everly Walker,HRIS Analyst,Human Resources,Female,41
E04798,Aurora Ali,Manager,Marketing,Female,30
E01249,Penelope Guerrero,Vice President,IT,Female,43
E03349,Anna Mehta,Cloud Infrastructure Architect,IT,Female,32
E02966,William Foster,Field Engineer,Engineering,Male,58
E01499,Jade Rojas,Director,Finance,Female,37
E00105,Isla Espinoza,Manager,Accounting,Female,38
E00665,David Chu,Controls Engineer,Engineering,Male,55
E00791,Thomas Padilla,Vice President,Marketing,Male,57
E01540,Miles Salazar,IT Coordinator,IT,Male,36
E04474,Mila Hong,Test Engineer,Engineering,Female,30
E03417,Benjamin Moua,Computer Systems Manager,IT,Male,40
E00254,Samuel Morales,Analyst II,Finance,Male,34
E02166,John Soto,Sr. Manger,Finance,Male,60
E00935,Joseph Martin,Analyst II,Marketing,Male,41
E01525,Jose Ross,Engineering Manager,Engineering,Male,53
E00386,Parker James,Quality Engineer,Engineering,Male,45
E00416,Everleigh Fernandez,Director,Engineering,Female,30
E03383,Lincoln Hall,Director,Accounting,Male,26
E01516,Willow Mai,Business Partner,Human Resources,Female,45
E01234,Jack Cheng,Director,Human Resources,Male,42
E03440,Genesis Navarro,Cloud Infrastructure Architect,IT,Female,41
E00431,Eliza Hernandez,Network Architect,IT,Female,48
E01258,Gabriel Brooks,Network Engineer,IT,Male,29
E00440,Jack Huynh,Manager,Marketing,Male,27
E00595,Everly Chow,Sr. Manger,Finance,Female,33
E00972,Amelia Salazar,Analyst II,Finance,Female,26
E04562,Xavier Zheng,Account Representative,Sales,Male,31
E02802,Matthew Chau,Sr. Business Partner,Human Resources,Male,53
E01427,Mia Cheng,Sr. Manger,Sales,Female,34
E04568,Rylee Yu,Vice President,Finance,Female,54
E04931,Zoe Romero,Network Architect,IT,Female,32
E00443,Nolan Bui,Computer Systems Manager,IT,Male,28
E03890,Nevaeh Jones,Vice President,Sales,Female,31
E01194,Samantha Adams,Test Engineer,Engineering,Female,45
E02875,Madeline Shin,Computer Systems Manager,IT,Female,48
E04959,Noah King,Development Engineer,Engineering,Male,56
E03816,Leilani Chow,Director,Human Resources,Female,27
E01261,Connor Simmons,Analyst II,Accounting,Male,55
E03612,Grayson Cooper,Sr. Manger,Finance,Male,64
E01388,Ivy Soto,Field Engineer,Engineering,Female,50
E03875,Aurora Simmons,Development Engineer,Engineering,Female,51
E04413,Andrew Thomas,Controls Engineer,Engineering,Male,36
E00691,Ezekiel Desai,Director,Finance,Male,42
E03047,Gabriella Gupta,Sr. Account Representative,Sales,Female,41
E04903,Skylar Liu,Director,IT,Female,29
E04735,Nova Coleman,System Administrator ,IT,Female,44
E02850,Evelyn Dinh,Director,Sales,Female,41
E03583,Brooks Marquez,Vice President,Sales,Male,61
E02017,Connor Joseph,Director,Human Resources,Male,50
E01642,Mia Lam,Sr. Manger,IT,Female,49
E04379,Scarlett Rodriguez,Sr. Analyst,Finance,Female,60
E04131,Cora Rivera,Sr. Analyst,Marketing,Female,42
E02872,Liam Jung,Manager,Finance,Male,39
E02331,Sophia Huynh,Enterprise Architect,IT,Female,55
E00417,Athena Carrillo,Analyst II,Finance,Female,39
E04267,Greyson Sanders,Cloud Infrastructure Architect,IT,Male,28
E03061,Vivian Lewis,Manager,Marketing,Female,65
E00013,Elena Vang,Analyst,Finance,Female,52
E04265,Natalia Diaz,Operations Engineer,Engineering,Female,62
E04769,Mila Leung,Sr. Analyst,Marketing,Female,39
E03042,Ava Nelson,Systems Analyst,IT,Female,63
E00527,Mateo Chu,Field Engineer,Engineering,Male,27
E01095,Isla Lai,Vice President,Finance,Female,37
E03131,Ezekiel Reed,Sr. Manger,IT,Male,37
E01713,Nolan Guzman,Field Engineer,Engineering,Male,46
E00128,Everleigh Espinoza,Director,Human Resources,Female,54
E03849,Evelyn Jung,Analyst,Sales,Female,30
E02464,Sophie Silva,Vice President,Engineering,Female,28
E00306,Mateo Williams,Enterprise Architect,IT,Male,40
E03737,Kennedy Rahman,Vice President,Human Resources,Female,49
E02783,Levi Mendez,Vice President,Sales,Male,39
E02939,Julian Fong,Quality Engineer,Engineering,Male,61
E02706,Nevaeh Kang,Automation Engineer,Engineering,Female,46
E00170,Hannah Nelson,Sr. Analyst,Marketing,Female,35
E01425,Anthony Rogers,Vice President,Engineering,Male,33
E00130,Paisley Kang,Vice President,Human Resources,Female,61
E02094,Matthew Gupta,Network Engineer,IT,Male,45
E03567,Silas Chavez,Technical Architect,IT,Male,51
E04682,Colton Thao,Manager,Human Resources,Male,55
E00957,Genesis Perry,Sr. Manger,Sales,Female,46
E04458,Alexander Bryant,Field Engineer,Engineering,Male,30
E01499,Elias Zhang,Solutions Architect,IT,Male,54
E00521,Lily Carter,Network Architect,IT,Female,54
E03717,Joseph Ruiz,Field Engineer,Engineering,Male,45
E01533,Avery Bailey,Sr. Analyst,Sales,Female,49
E04449,Miles Hsu,Analyst II,Finance,Male,55
E02855,Piper Cheng,Enterprise Architect,IT,Female,62
E00816,Skylar Watson,Network Architect,IT,Female,28
E02283,Jaxon Park,Network Architect,IT,Male,33
E04888,Elijah Henry,Manager,IT,Male,32
E03907,Camila Watson,Vice President,Finance,Female,32
E02166,Lucas Thomas,Manager,Accounting,Male,55
E00431,Skylar Doan,Sr. Business Partner,Human Resources,Female,58
E01501,Hudson Liu,Engineering Manager,Engineering,Male,34
E01141,Gianna Williams,Quality Engineer,Engineering,Female,27
E02254,Jaxson Sandoval,Sr. Analyst,Sales,Male,61
E04504,Jameson Alvarado,Enterprise Architect,IT,Male,47
E03394,Joseph Ly,Vice President,Marketing,Male,40
E02942,Daniel Richardson,Director,Engineering,Male,30
E04130,Elias Figueroa,Sr. Manger,Finance,Male,45
E02848,Emma Brooks,Sr. Account Representative,Sales,Female,30
E00085,Isla Wong,Vice President,Accounting,Female,56
E03956,Everly Walker,Sr. Manger,Sales,Female,62
E00672,Mila Pena,Sr. Business Partner,Human Resources,Female,45
E04618,Mason Zhao,Technical Architect,IT,Male,46
E03506,Jaxson Mai,Vice President,Human Resources,Male,48
E00568,Ava Garza,Director,Accounting,Female,27
E00535,Nathan Mendez,Manager,IT,Male,53
E04630,Maria Griffin,Manager,Marketing,Female,59
E00874,Alexander Choi,Manager,Marketing,Male,55
E01546,Maria Hong,Vice President,Finance,Female,43
E00941,Sophie Ali,Analyst,Finance,Female,55
E03446,Julian Ross,Manager,Marketing,Male,51
E01361,Emma Hill,IT Coordinator,IT,Female,54
E01631,Leilani Yee,Sr. Analyst,Marketing,Female,47
E03719,Jack Brown,Analyst,Marketing,Male,55
E03269,Charlotte Chu,Network Engineer,IT,Female,50
E01037,Jeremiah Chu,IT Systems Architect,IT,Male,31
E00671,Miles Cho,Systems Analyst,IT,Male,47
E02216,Caleb Marquez,IT Systems Architect,IT,Male,29
E02803,Eli Soto,Analyst,Marketing,Male,38
E01584,Carter Mejia,Sr. Manger,Human Resources,Male,29
E02489,Ethan Clark,Sr. Business Partner,Human Resources,Male,33
E03189,Asher Jackson,Sr. Manger,Sales,Male,50
E03560,Ayla Ng,Account Representative,Sales,Female,46
E00769,Jose Kang,Engineering Manager,Engineering,Male,57
E02791,Aubrey Romero,Director,Sales,Female,49
E02333,Jaxson Wright,Service Desk Analyst,IT,Male,54
E01002,Elias Ali,Manager,Sales,Male,28
E03520,Nolan Pena,Analyst,Marketing,Male,30
E00752,Luna Liu,Vice President,Sales,Female,36
E00233,Brooklyn Reyes,Service Desk Analyst,IT,Female,36
E02639,Hadley Parker,Vice President,Marketing,Female,30
E00697,Jonathan Chavez,System Administrator ,IT,Male,29
E02183,Sarah Ayala,Analyst,Sales,Female,47
E00715,Elijah Kang,Vice President,Engineering,Male,35
E04288,Ella White,Development Engineer,Engineering,Female,25
E02421,Jordan Truong,Director,Engineering,Male,45
E00523,Daniel Jordan,Network Administrator,IT,Male,58
E03615,Daniel Dixon,Operations Engineer,Engineering,Male,51
E02761,Luca Duong,Manager,Human Resources,Male,48
E02121,Levi Brown,Sr. Analyst,Sales,Male,36
E01486,Mason Cho,Vice President,Accounting,Male,59
E00725,Nova Herrera,Account Representative,Sales,Female,45
E03027,Elijah Watson,Sr. Manger,Sales,Male,29
E03689,Wesley Gray,Sr. Analyst,Accounting,Male,62
E01986,Wesley Sharma,Manager,IT,Male,51
E01286,Mateo Mendez,Development Engineer,Engineering,Male,47
E01409,Jose Molina,Controls Engineer,Engineering,Male,40
E00626,Luna Simmons,Sr. Analyst,Finance,Female,28
E04342,Samantha Barnes,Vice President,Marketing,Female,29
E03904,Hunter Ortiz,Sr. Analyst,Finance,Male,46
E01291,Thomas Aguilar,Sr. Account Representative,Sales,Male,45
E00917,Skylar Bell,Vice President,Engineering,Female,30
E01484,Anna Zhu,Service Desk Analyst,IT,Female,48
E03864,Ella Hunter,Analyst,Finance,Female,51
E00488,Emery Hunter,Sr. Analyst,Sales,Female,28
E02227,Sofia Parker,Cloud Infrastructure Architect,IT,Female,36
E04802,Lucy Fong,Sr. Account Representative,Sales,Female,40
E01970,Vivian Barnes,Director,Human Resources,Female,51
E02813,Kai Chow,Engineering Manager,Engineering,Male,45
E02031,Melody Cooper,Development Engineer,Engineering,Female,44
E03252,James Bui,Manager,Finance,Male,64
E04871,Liam Grant,Sr. Business Partner,Human Resources,Male,30
E03547,Owen Han,Analyst,Accounting,Male,28
E04742,Kinsley Vega,Vice President,Accounting,Female,33
E01070,Leonardo Martin,Manager,Finance,Male,51
E04359,Greyson Lam,Vice President,Accounting,Male,25
E03268,Emilia Rivera,Test Engineer,Engineering,Female,42
E04035,Penelope Johnson,Sr. Analyst,Marketing,Female,34
E01221,Eva Figueroa,Analyst II,Sales,Female,48
E00276,Ezekiel Jordan,Sr. Manger,Accounting,Male,33
E01687,Luke Mai,HRIS Analyst,Human Resources,Male,41
E02844,Charles Diaz,Sr. Manger,Sales,Male,55
E01263,Adam Espinoza,Test Engineer,Engineering,Male,36
E00119,Jack Maldonado,Director,Engineering,Male,31
E03935,Cora Jiang,Vice President,IT,Female,53
E00742,Cooper Mitchell,Manager,Sales,Male,43
E02810,Layla Torres,Sr. Manger,Finance,Female,37
E01860,Jack Edwards,Manager,Marketing,Male,38
E04890,Eleanor Chan,Sr. Manger,Accounting,Female,49
E02285,Aria Xi,Director,Sales,Female,45
E00842,John Vega,Vice President,Finance,Male,50
E01271,Luke Munoz,Director,Engineering,Male,64
E01921,Sarah Daniels,Sr. Manger,Accounting,Female,55
E03664,Aria Castro,Engineering Manager,Engineering,Female,45
E00813,Autumn Joseph,Enterprise Architect,IT,Female,39
E00870,Evelyn Liang,Service Desk Analyst,IT,Female,40
E04167,Henry Alvarez,Sr. Business Partner,Human Resources,Male,48
E00245,Benjamin Delgado,Test Engineer,Engineering,Male,64
E00976,Zoe Rodriguez,Director,Human Resources,Female,65
E04112,Axel Chu,Systems Analyst,IT,Male,43
E01807,Cameron Evans,Test Engineer,Engineering,Male,50
E04103,Isabella Soto,Vice President,Finance,Female,27
E01412,Eva Jenkins,Sr. Manger,Human Resources,Female,55
E04386,Cameron Powell,Business Partner,Human Resources,Male,41
E01232,Samantha Foster,Vice President,Human Resources,Female,34
E04572,Jade Li,Director,IT,Female,47
E02747,Kinsley Acosta,Vice President,IT,Female,32
E01064,Clara Kang,Sr. Manger,IT,Female,39
E00178,Harper Alexander,Sr. Analyst,Sales,Female,26
E01091,Carter Reed,Development Engineer,Engineering,Male,40
E01525,Charlotte Ruiz,Computer Systems Manager,IT,Female,32
E01309,Everleigh Jiang,Director,Accounting,Female,58
E02378,Audrey Smith,Field Engineer,Engineering,Female,58
E04127,Emery Acosta,Vice President,Sales,Female,42
E02072,Charles Robinson,HRIS Analyst,Human Resources,Male,26
E02555,Landon Lopez,Sr. Analyst,Accounting,Male,38
E00187,Miles Mehta,Director,Finance,Male,64
E04332,Ezra Simmons,Automation Engineer,Engineering,Male,38
E02062,Nora Santiago,Analyst,Accounting,Female,55
E00034,Caroline Herrera,Sr. Manger,Marketing,Female,45
E00273,David Owens,Sr. Analyst,Sales,Male,43
E00691,Avery Yee,Systems Analyst,IT,Female,34
E01403,Xavier Park,Vice President,IT,Male,40
E03438,Asher Morales,Automation Engineer,Engineering,Male,52
E04136,Mason Cao,Analyst II,Finance,Male,52
E02944,Joshua Fong,Vice President,Engineering,Male,47
E03300,Maria Chin,Analyst,Marketing,Female,65
E00078,Eva Garcia,HRIS Analyst,Human Resources,Female,31
E00825,Anna Molina,Sr. Analyst,Accounting,Female,41
E04972,Logan Bryant,Sr. Manger,Marketing,Male,30
E03941,Isla Han,Technical Architect,IT,Female,58
E02148,Christopher Vega,Engineering Manager,Engineering,Male,54
E02252,Lillian Park,Analyst,Marketing,Female,40
E03096,Kennedy Zhang,Director,Finance,Female,63
E04800,Eli Han,Sr. Analyst,Accounting,Male,40
E02838,Julia Pham,Engineering Manager,Engineering,Female,65
E02980,Hailey Shin,Director,Human Resources,Female,57
E04477,Connor Grant,Sr. Analyst,Accounting,Male,27
E04348,Natalia Owens,Manager,Human Resources,Female,31
E01638,Maria He,IT Systems Architect,IT,Female,45
E03419,Jade Yi,Account Representative,Sales,Female,47
E04222,Quinn Xiong,Test Engineer,Engineering,Female,55
E04126,Dominic Baker,Sr. Analyst,Accounting,Male,51
E01896,Adam Nelson,Director,Finance,Male,25
E03018,Autumn Reed,Development Engineer,Engineering,Female,37
E03325,Robert Edwards,HRIS Analyst,Human Resources,Male,62
E04037,Roman Martinez,Sr. Manger,Finance,Male,31
E01902,Eleanor Li,Sr. Manger,Human Resources,Female,64
E01466,Connor Vang,Analyst,Sales,Male,25
E02038,Ellie Chung,Sr. Manger,Marketing,Female,59
E03474,Violet Hall,Solutions Architect,IT,Female,40
E02744,Dylan Padilla,HRIS Analyst,Human Resources,Male,31
E00702,Nathan Pham,Sr. Manger,Accounting,Male,45
E03081,Ayla Brown,Sr. Manger,Sales,Female,49
E01281,Isaac Mitchell,Network Architect,IT,Male,46
E04029,Jayden Jimenez,Manager,Human Resources,Male,46
E01116,Jaxon Tran,Sr. Manger,Sales,Male,45
E01753,Connor Fong,Manager,Accounting,Male,40
E04072,Emery Mitchell,Vice President,Finance,Female,48
E00672,Landon Luu,Vice President,IT,Male,31
E04419,Sophia Ahmed,Sr. Manger,Sales,Female,30
E00467,Sofia Dinh,Operations Engineer,Engineering,Female,55
E00365,Jonathan Patel,Manager,Marketing,Male,28
E00306,Piper Patterson,Quality Engineer,Engineering,Female,45
E03292,Cora Evans,Computer Systems Manager,IT,Female,45
E04779,Cameron Young,Vice President,Engineering,Male,63
E00501,Melody Ho,Analyst II,Finance,Female,55
E01132,Aiden Bryant,Account Representative,Sales,Male,47
E00556,Grayson Walker,Director,Accounting,Male,29
E00311,Scarlett Figueroa,Business Partner,Human Resources,Female,34
E04567,Madeline Hoang,Systems Analyst,IT,Female,28
E04378,Ezra Simmons,Network Administrator,IT,Male,31
E03251,Ruby Medina,Director,Sales,Female,50
E03167,Luke Zheng,Director,Human Resources,Male,39
E03347,Rylee Dinh,Development Engineer,Engineering,Female,35
E03908,Miles Evans,Network Architect,IT,Male,54
E01351,Leo Owens,Systems Analyst,IT,Male,47
E02681,Caroline Owens,Director,IT,Female,26
E03807,Kennedy Do,Computer Systems Manager,IT,Female,42
E00422,Jade Acosta,Development Engineer,Engineering,Female,47
E00265,Mila Vasquez,Quality Engineer,Engineering,Female,60
E04601,Allison Ayala,Analyst,Finance,Female,36
E04816,Jace Zhang,Service Desk Analyst,IT,Male,31
E02147,Allison Medina,Manager,Finance,Female,55
E02914,Maria Wilson,Vice President,Engineering,Female,51
E03268,Everly Coleman,Vice President,IT,Female,48
E03972,Jordan Gomez,Sr. Analyst,Accounting,Male,58
E02189,Isla Chavez,Account Representative,Sales,Female,29
E04290,Hannah Gomez,Technical Architect,IT,Female,25
E03630,Jacob Davis,Director,Accounting,Male,36
E00432,Eli Gupta,Director,Human Resources,Male,37
E03045,Andrew Huynh,Business Partner,Human Resources,Male,57
E01924,Anna Gutierrez,Director,Engineering,Female,59
E04877,Samuel Vega,Analyst II,Marketing,Male,37
E02770,Liliana Do,Service Desk Analyst,IT,Female,30
E04590,Isaac Sanders,HRIS Analyst,Human Resources,Male,49
E01977,Raelynn Gupta,Sr. Manger,Finance,Female,48
E01378,Genesis Xiong,System Administrator ,IT,Female,51
E04224,Lucas Ramos,Sr. Business Partner,Human Resources,Male,56
E03423,Santiago f Gonzalez,Manager,Sales,Male,36
E01584,Henry Zhu,Vice President,Marketing,Male,38
E00788,Emily Contreras,Analyst II,Sales,Female,56
E00207,Hailey Lai,Vice President,Human Resources,Female,52
E00834,Vivian Guzman,Analyst II,Finance,Female,53
E04571,Hadley Contreras,Director,Engineering,Female,60
E02652,Nathan Sun,Manager,Accounting,Male,63
E02693,Grace Campos,Director,Engineering,Female,37
E03359,Autumn Ortiz,Field Engineer,Engineering,Female,30
E00399,Connor Walker,Analyst II,Finance,Male,30
E02971,Mia Wu,Enterprise Architect,IT,Female,45
E03327,Julia Luong,Sr. Manger,Accounting,Female,55
E00900,Eleanor Delgado,Sr. Analyst,Marketing,Female,33
E00836,Addison Roberts,Network Architect,IT,Female,65
E03854,Camila Li,Sr. Manger,IT,Female,60
E04729,Ezekiel Fong,Vice President,Sales,Male,56
E00360,Dylan Thao,Director,Engineering,Male,53
E02284,Josephine Salazar,Field Engineer,Engineering,Female,36
E00181,Genesis Hu,Sr. Analyst,Marketing,Female,46
E04168,Mila Juarez,Manager,Sales,Female,38
E02861,Daniel Perry,Enterprise Architect,IT,Male,62
E01357,Paisley Hunter,Engineering Manager,Engineering,Female,61
E04387,Everleigh White,Network Architect,IT,Female,59
E03090,Penelope Choi,Technical Architect,IT,Female,49
E03591,Piper Sun,Director,Marketing,Female,64
E03328,Lucy Johnson,Manager,IT,Female,57
E04937,Ian Ngo,Manager,Sales,Male,52
E00515,Joseph Vazquez,Sr. Manger,Accounting,Male,40
E01241,Hadley Guerrero,Sr. Manger,IT,Female,49
E03255,Jose Brown,System Administrator ,IT,Male,43
E01711,Benjamin Ford,Analyst II,Finance,Male,31
E00500,Henry Shah,Director,Accounting,Male,55
E04972,Ivy Daniels,Sr. Manger,Human Resources,Female,41
E02728,Thomas Chang,Sr. Analyst,Accounting,Male,34
E04749,Caroline Phan,Sr. Manger,Finance,Female,41
E02023,Maverick Mehta,Systems Analyst,IT,Male,40
E03166,Austin Edwards,IT Coordinator,IT,Male,42
E02599,Daniel Huang,Vice President,Human Resources,Male,31
E01014,Lucas Phan,Director,Marketing,Male,49
E04529,Gabriel Yu,Technical Architect,IT,Male,42
E00085,Mason Watson,Sr. Manger,IT,Male,46
E00632,Angel Chang,Network Architect,IT,Male,37
E02108,Madeline Coleman,Sr. Manger,Finance,Female,51
E03802,Thomas Vazquez,Director,Engineering,Male,46
E03685,Silas Hunter,Solutions Architect,IT,Male,55
E01089,Nicholas Brooks,Analyst II,Accounting,Male,43
E03988,Dominic Thomas,Analyst II,Marketing,Male,48
E00401,Wesley Adams,System Administrator ,IT,Male,48
E03429,Ian Wu,Sr. Analyst,Marketing,Male,51
E02417,Alice Young,Automation Engineer,Engineering,Female,46
E00359,Logan Carrillo,Sr. Analyst,Marketing,Male,33
E02044,Caroline Alexander,Business Partner,Human Resources,Female,42
E01479,Serenity Bailey,IT Systems Architect,IT,Female,55
E04962,Elena Tan,Vice President,Engineering,Female,50
E02769,Eliza Adams,Account Representative,Sales,Female,26
E03893,Alice Xiong,Vice President,Engineering,Female,55
E00553,Isla Yoon,Quality Engineer,Engineering,Female,50
E03540,Emma Perry,Solutions Architect,IT,Female,28
E02769,Riley Marquez,Sr. Manger,Finance,Female,39
E03277,Caroline Hu,Sr. Manger,Marketing,Female,31
E04194,Madison Kumar,Director,Accounting,Female,55
E01807,Matthew Lim,Sr. Analyst,Sales,Male,52
E01762,Maya Ngo,Manager,Sales,Female,55
E02632,Alice Soto,Analyst,Accounting,Female,56
E04226,Andrew Moore,Operations Engineer,Engineering,Male,47
E04101,Olivia Harris,Director,Sales,Female,63
E01981,Genesis Banks,Analyst,Finance,Female,63
E02534,Victoria Johnson,Sr. Manger,Accounting,Female,55
E01238,Eloise Griffin,Director,Sales,Female,55
E01118,Roman Yang,Manager,Human Resources,Male,42
E04041,Clara Huynh,IT Coordinator,IT,Female,39
E04308,Kai Flores,Development Engineer,Engineering,Male,35
E01052,Jaxson Dinh,Sr. Manger,Marketing,Male,45
E04165,Sophie Vang,Sr. Manger,Marketing,Female,25
E02295,Axel Jordan,Analyst,Sales,Male,47
E04546,Jade Hunter,Cloud Infrastructure Architect,IT,Female,42
E04217,Lydia Williams,System Administrator ,IT,Female,35
E00650,Emery Chang,Business Partner,Human Resources,Female,45
E00344,Savannah He,Director,IT,Female,52
E04645,Elias Ahmed,Vice President,Marketing,Male,57
E03880,Samantha Woods,Analyst,Accounting,Female,56
E02730,Axel Soto,Quality Engineer,Engineering,Male,46
E04517,Amelia Choi,Manager,Marketing,Female,43
E00965,Jacob Khan,Computer Systems Manager,IT,Male,53
E04639,Luna Taylor,Network Administrator,IT,Female,47
E00465,Dominic Parker,Test Engineer,Engineering,Male,62
E03058,Angel Xiong,Vice President,IT,Male,35
E02337,Emma Cao,Analyst,Accounting,Female,27
E04927,Ezekiel Bryant,Sr. Analyst,Finance,Male,55
E03799,Natalie Hwang,Sr. Analyst,Finance,Female,63
E04538,Adeline Yang,Cloud Infrastructure Architect,IT,Female,53
E02633,Allison Roberts,Vice President,Sales,Female,54
E02965,Andrew Do,Sr. Manger,Finance,Male,43
E04345,Eliana Grant,Engineering Manager,Engineering,Female,64
E02895,Mila Soto,Director,Finance,Female,65
E01132,Gabriella Johnson,Computer Systems Manager,IT,Female,42
E00758,Jonathan Khan,Account Representative,Sales,Male,35
E03750,Elias Dang,Director,Engineering,Male,64
E00144,Theodore Ngo,Controls Engineer,Engineering,Male,55
E02943,Bella Lopez,Sr. Analyst,Marketing,Female,32
E03901,Luca Truong,Director,Marketing,Male,45
E03461,Nathan Lau,Business Partner,Human Resources,Male,35
E03490,Henry Campos,Sr. Manger,Human Resources,Male,38
E04466,Connor Bell,Network Administrator,IT,Male,54
E03226,Angel Stewart,Vice President,Finance,Male,28
E04607,Landon Brown,Vice President,Marketing,Male,26
E02678,Nicholas Rivera,Director,Engineering,Male,45
E02190,Gabriel Carter,Test Engineer,Engineering,Male,57
E00747,Leilani Baker,Technical Architect,IT,Female,59
E00268,Ian Flores,Director,Engineering,Male,48
E01416,Hudson Thompson,Analyst II,Accounting,Male,30
E01524,Ian Miller,Computer Systems Manager,IT,Male,31
E03849,Harper Chin,Quality Engineer,Engineering,Female,50
E02801,Santiago f Brooks,Sr. Manger,Sales,Male,51
E04155,Dylan Dominguez,Sr. Analyst,Marketing,Male,42
E01952,Everett Lee,Network Administrator,IT,Male,45
E00116,Madelyn Mehta,Analyst,Sales,Female,64
E04811,Athena Vasquez,Field Engineer,Engineering,Female,59
E00624,William Watson,Director,Accounting,Male,41
E03404,Everleigh Nunez,Field Engineer,Engineering,Female,42
E01845,Leo Fernandez,Manager,Finance,Male,54
E04784,Joshua Lin,Technical Architect,IT,Male,37
E00145,Alexander Rivera,Sr. Analyst,Sales,Male,58
E00218,David Desai,Vice President,Sales,Male,47
E02185,Aubrey Yoon,Sr. Business Partner,Human Resources,Female,60
E01070,Grayson Brown,Vice President,IT,Male,38
E03807,Noah Chen,Sr. Manger,Marketing,Male,63
E00784,Ella Nguyen,Service Desk Analyst,IT,Female,60
E04925,Athena Jordan,System Administrator ,IT,Female,42
E04448,Adrian Ruiz,Sr. Analyst,Finance,Male,34
E04817,Zoe Sanchez,Sr. Analyst,Accounting,Female,53
E00325,Jameson Chen,Vice President,Marketing,Male,39
E00403,Liliana Soto,Business Partner,Human Resources,Female,58
E00436,Lincoln Reyes,Computer Systems Manager,IT,Male,60
E04358,Grayson Soto,Business Partner,Human Resources,Male,34
E04662,Julia Morris,Sr. Manger,Human Resources,Female,60
E01496,Ava Ortiz,Enterprise Architect,IT,Female,53
E01870,Carson Chau,Director,Finance,Male,58
E03971,Lillian Chen,Sr. Manger,Marketing,Female,25
E03616,Josiah Lewis,Manager,IT,Male,46
E00153,Claire Jones,Field Engineer,Engineering,Female,39
E02313,Jeremiah Lu,Network Architect,IT,Male,50
E02960,Nova Hill,Sr. Analyst,Accounting,Female,56
E00096,Peyton Cruz,Development Engineer,Engineering,Female,30
E02140,Naomi Zhao,Vice President,Human Resources,Female,45
E00826,Rylee Bui,Analyst,Accounting,Female,55
E03881,Andrew Reed,System Administrator ,IT,Male,28
E02604,Brooklyn Collins,Sr. Manger,Finance,Female,59
E02613,John Jung,Sr. Analyst,Sales,Male,63
E00864,Samantha Aguilar,Manager,Accounting,Female,46
E01760,Madeline Acosta,Sr. Account Representative,Sales,Female,26
E03223,Ethan Joseph,IT Coordinator,IT,Male,45
E01262,Miles Mehta,Manager,Finance,Male,50
E01075,Joshua Juarez,Analyst II,Finance,Male,46
E00364,Matthew Howard,Director,Human Resources,Male,50
E04108,Jade Figueroa,Sr. Analyst,Sales,Female,33
E02917,Everett Morales,Solutions Architect,IT,Male,57
E03720,Genesis Hunter,Manager,Finance,Female,48
E03393,Henry Figueroa,Sr. Manger,Finance,Male,46
E02977,Nicholas Song,Analyst II,Marketing,Male,52
E03371,Jack Alexander,Vice President,IT,Male,56
E02531,Jameson Foster,Analyst,Marketing,Male,28
E02473,Leonardo Lo,Quality Engineer,Engineering,Male,29
E02468,Ella Huang,Vice President,Marketing,Female,45
E01499,Liam Jordan,Computer Systems Manager,IT,Male,28
E03697,Isaac Woods,Manager,Sales,Male,28
E00593,Luke Wilson,Solutions Architect,IT,Male,34
E01103,Lyla Alvarez,IT Systems Architect,IT,Female,55
E03889,Caleb Flores,Manager,Human Resources,Male,34
E01958,Angel Lin,Network Administrator,IT,Male,27
E01870,Easton Moore,Computer Systems Manager,IT,Male,52
E01167,Kinsley Collins,Automation Engineer,Engineering,Female,28
E00099,Brooklyn Salazar,IT Systems Architect,IT,Female,44
E00044,Scarlett Jenkins,Vice President,IT,Female,53
E00711,Melody Chin,Sr. Manger,Finance,Female,43
E04795,Eloise Alexander,Vice President,Human Resources,Female,28
E03912,Carter Turner,Sr. Analyst,Marketing,Male,33
E02103,Andrew Ma,HRIS Analyst,Human Resources,Male,31
E04213,Hailey Xi,Manager,Accounting,Female,52
E04756,Aiden Le,Cloud Infrastructure Architect,IT,Male,55
E04114,Christopher Lim,Director,IT,Male,55
E01423,James Castillo,Vice President,IT,Male,51
E03181,Greyson Dang,Development Engineer,Engineering,Male,60
E03305,Hannah King,Manager,Accounting,Female,31
E00703,Wesley Dominguez,Engineering Manager,Engineering,Male,45
E04403,Dominic Hu,Manager,Accounting,Male,34
E00103,Nora Park,Director,Accounting,Female,29
E04487,Audrey Hwang,Sr. Analyst,Accounting,Female,45
E01194,Ella Jenkins,Analyst II,Finance,Female,52
E02179,Peyton Owens,Controls Engineer,Engineering,Female,48
E04242,Alice Lopez,Test Engineer,Engineering,Female,48
E01371,Dominic Le,Vice President,Marketing,Male,41
E03065,Ezra Ortiz,Quality Engineer,Engineering,Male,41
E01377,Grayson Luu,Quality Engineer,Engineering,Male,55
E03097,Brooks Stewart,HRIS Analyst,Human Resources,Male,45
E01668,Naomi Xi,Director,Finance,Female,53
E03354,Silas Estrada,IT Systems Architect,IT,Male,49
E02088,Skylar Ayala,Sr. Manger,Finance,Female,55
E03980,Lydia Huynh,Account Representative,Sales,Female,45
E00972,Hazel Cortez,HRIS Analyst,Human Resources,Female,52
E00824,Everleigh Adams,Analyst II,Marketing,Female,33
E04359,Layla Salazar,Solutions Architect,IT,Female,59
E03113,Willow Chen,Manager,Accounting,Female,50
E01488,Penelope Griffin,Director,Sales,Female,61
E01787,Lillian Romero,Director,Engineering,Female,27
E03550,Stella Wu,Sr. Manger,Marketing,Female,35
E01052,Parker Vang,Analyst,Sales,Male,40
E04799,Mila Roberts,Sr. Business Partner,Human Resources,Female,30
E03402,Isaac Liu,Field Engineer,Engineering,Male,60
E04128,Jacob Doan,Analyst II,Sales,Male,55
E00013,Raelynn Ma,Sr. Analyst,Finance,Female,33
E03114,Jameson Juarez,Development Engineer,Engineering,Male,62
E04004,Everleigh Shah,Test Engineer,Engineering,Female,36
E04472,Alexander Foster,Analyst II,Marketing,Male,35
E00161,Ryan Ha,Vice President,Marketing,Male,60
E04417,Chloe Salazar,Sr. Manger,Human Resources,Female,45
E04536,Layla Scott,Sr. Manger,Accounting,Female,48
E02534,Leah Khan,Director,Marketing,Female,36
E02857,Mason Jimenez,Sr. Manger,Finance,Male,44
E03059,Hailey Dang,Manager,Marketing,Female,64
E02477,Amelia Bui,Director,Engineering,Female,46
E00022,Elena Her,Account Representative,Sales,Female,62
E03370,Ian Cortez,Analyst II,Marketing,Male,61
E00555,Christian Ali,Analyst II,Marketing,Male,65
E03160,Carter Ortiz,Quality Engineer,Engineering,Male,54
E03919,Grayson Chan,Engineering Manager,Engineering,Male,46
E01724,Nolan Molina,Computer Systems Manager,IT,Male,36
E04087,Adam Kaur,Manager,IT,Male,60
E02856,Amelia Kaur,Operations Engineer,Engineering,Female,30
E03805,Autumn Gonzales,Analyst II,Sales,Female,34
E00319,Ezra Wilson,Service Desk Analyst,IT,Male,55
E01090,Jacob Cheng,Quality Engineer,Engineering,Male,59
E04323,Melody Valdez,Director,IT,Female,28
E02687,Caroline Nelson,Vice President,Finance,Female,36
E01407,Ellie Guerrero,Sr. Manger,Human Resources,Female,29
E02748,Genesis Zhu,Director,Finance,Female,34
E01995,Jonathan Ho,Vice President,IT,Male,37
E01714,Savannah Park,HRIS Analyst,Human Resources,Female,44
E04491,Nathan Chan,Cloud Infrastructure Architect,IT,Male,45
E01076,Sofia Vu,Sr. Manger,Human Resources,Female,52
E04131,Ruby Choi,Analyst,Accounting,Female,40
E02843,Lily Pena,Manager,Human Resources,Female,55
E03758,Liam Zhang,Director,Marketing,Male,29
E02063,Ian Gutierrez,Sr. Business Partner,Human Resources,Male,32
E00638,David Simmons,Manager,Marketing,Male,51
E03571,Lincoln Henderson,Business Partner,Human Resources,Male,28
E01820,Nathan Miller,Quality Engineer,Engineering,Male,27
E01712,James Singh,Director,Marketing,Male,45
E00184,Kayden Ortega,Analyst,Accounting,Male,58
E02706,Lucy Figueroa,Sr. Manger,Finance,Female,45
E02899,Joshua Cortez,Sr. Manger,Finance,Male,44
E02478,Alexander Morris,Manager,Sales,Male,33
E04170,Grayson Chin,Vice President,IT,Male,26
E00929,Allison Espinoza,Solutions Architect,IT,Female,45
E00530,Naomi Chu,Sr. Manger,Sales,Female,46
E03824,Jameson Martin,Technical Architect,IT,Male,37
E02492,Sebastian Gupta,Sr. Analyst,Marketing,Male,40
E01733,Eloise Pham,Manager,Sales,Female,45
E02857,Valentina Davis,Analyst,Sales,Female,33
E04938,Brooklyn Daniels,Analyst,Marketing,Female,64
E04952,Paisley Gomez,Sr. Analyst,Sales,Female,57
E02420,Madison Li,Director,Marketing,Female,35
E01639,Everleigh Simmons,Analyst,Finance,Female,55
E03947,Logan Soto,Vice President,Finance,Male,36
E04535,Charlotte Vo,System Administrator ,IT,Female,57
E00380,Alice Thompson,Vice President,Accounting,Female,48
E01432,Peyton Garza,Systems Analyst,IT,Female,53
E02628,Nora Nelson,Analyst II,Finance,Female,41
E03578,Maverick Li,Analyst II,Sales,Male,34
E03563,Ian Barnes,Operations Engineer,Engineering,Male,47
E02781,Athena Vu,Director,Accounting,Female,63
E04739,Ruby Washington,Analyst,Marketing,Female,65
E02665,Bella Butler,Sr. Manger,Finance,Female,33
E04132,Kinsley Henry,Director,Marketing,Female,45
E00276,Kennedy Romero,Engineering Manager,Engineering,Female,37
E04277,Zoe Do,Analyst II,Sales,Female,60
E03890,Everett Khan,Solutions Architect,IT,Male,43
E02012,Anna Han,System Administrator ,IT,Female,65
E02881,Leilani Sharma,Sr. Analyst,Accounting,Female,43
E03750,Jordan Cho,Analyst II,Accounting,Male,28
E00605,Nova Williams,Manager,Finance,Female,61
E04641,Scarlett Hill,Director,Engineering,Female,45
E01019,Dominic Scott,Sr. Analyst,Sales,Male,45
E01519,Anthony Marquez,Vice President,IT,Male,54
E03694,Elena Patterson,Vice President,Finance,Female,38
E01123,Madison Nelson,Director,Accounting,Female,27
E01366,William Walker,Computer Systems Manager,IT,Male,40
E04005,Lincoln Wong,Sr. Analyst,Finance,Male,49
E02770,James Huang,Manager,Human Resources,Male,54
E04018,Emery Ford,Analyst II,Marketing,Female,39
E01591,Paisley Trinh,Technical Architect,IT,Female,57
E04940,Hudson Williams,Vice President,Sales,Male,36
E03465,Harper Phan,Analyst II,Finance,Female,45
E03870,Madeline Allen,Cloud Infrastructure Architect,IT,Female,30
E01927,Charles Moore,Technical Architect,IT,Male,34
E03064,Lincoln Fong,Analyst II,Sales,Male,31
E01883,Isla Guzman,Sr. Manger,Accounting,Female,28
E03984,Hailey Foster,Controls Engineer,Engineering,Female,55
E00446,Hudson Hill,Sr. Analyst,Sales,Male,30
E02825,Wyatt Li,Vice President,Engineering,Male,63
E04174,Maverick Henry,Computer Systems Manager,IT,Male,26
E01899,Xavier Jackson,Vice President,Marketing,Male,52
E02562,Christian Medina,Analyst,Marketing,Male,51
E01006,Autumn Leung,Vice President,Finance,Female,25
E02903,Robert Vazquez,System Administrator ,IT,Male,40
E03642,Aria Roberts,Manager,Accounting,Female,38
E02884,Axel Johnson,Director,Human Resources,Male,60
E00701,Madeline Garcia,Sr. Business Partner,Human Resources,Female,45
E04720,Christopher Chung,Controls Engineer,Engineering,Male,28
E01985,Eliana Turner,Account Representative,Sales,Female,65
E03273,Daniel Shah,Analyst II,Sales,Male,41
E02415,Penelope Gonzalez,Sr. Analyst,Sales,Female,52
E02877,Mila Allen,Controls Engineer,Engineering,Female,56
E00091,Emilia Chu,Analyst II,Finance,Female,48
E02563,Emily Clark,Vice President,Accounting,Female,36
E04221,Roman King,Analyst II,Finance,Male,60
E04887,Emery Do,Account Representative,Sales,Female,40
E03170,Autumn Thao,Account Representative,Sales,Female,63
E01636,Naomi Coleman,Manager,Marketing,Female,29
E01387,Cora Zheng,Director,IT,Female,27
E01363,Ayla Daniels,Technical Architect,IT,Female,53
E02249,Allison Daniels,Manager,Finance,Female,37
E02987,Mateo Harris,Manager,IT,Male,30
E03655,Samantha Rogers,Analyst,Marketing,Female,28
E04048,Julian Lee,IT Systems Architect,IT,Male,51
E03626,Nicholas Avila,Enterprise Architect,IT,Male,28
E03694,Hailey Watson,Sr. Manger,Accounting,Female,31
E02920,Willow Woods,Vice President,Human Resources,Female,28
E03220,Alexander Gonzales,Manager,Accounting,Male,34
E01347,Aiden Gonzales,Vice President,Marketing,Male,44
E03968,Joshua Chin,Sr. Manger,Marketing,Male,60
E04299,Paisley Hall,Director,Human Resources,Female,41
E01150,Allison Leung,Sr. Analyst,Sales,Female,62
E03774,Hannah Mejia,Vice President,Marketing,Female,47
E01638,Elizabeth Huang,Analyst,Finance,Female,62
E01877,Abigail Garza,Analyst,Accounting,Female,33
E01193,Raelynn Lu,Director,Finance,Female,27
E01789,Charles Luu,Sr. Manger,Sales,Male,25
E01422,Lydia Espinoza,Sr. Manger,Marketing,Female,29
E00440,Adeline Thao,Vice President,Finance,Female,54
E00145,Kinsley Dixon,Analyst,Accounting,Female,28
E04150,Natalia Vu,Analyst,Accounting,Female,54
E02846,Julia Mai,Manager,Marketing,Female,50
E04247,Camila Evans,Manager,Marketing,Female,55
E02613,Everly Lai,Vice President,Marketing,Female,52
E03349,Adam He,Director,Accounting,Male,35
E03648,Vivian Hunter,Account Representative,Sales,Female,26
E02192,Lucy Avila,Solutions Architect,IT,Female,43
E03981,Eliana Li,Test Engineer,Engineering,Female,63
E03262,Logan Mitchell,Analyst II,Marketing,Male,65
E02716,Dominic Dinh,Sr. Manger,Marketing,Male,45
E00245,Lucas Daniels,Manager,Sales,Male,42
E04123,Andrew Holmes,Vice President,IT,Male,59
E03471,Julia Sandoval,Manager,Human Resources,Female,42
E00717,Kennedy Vargas,Business Partner,Human Resources,Female,45
E01966,Thomas Williams,Field Engineer,Engineering,Male,45
E03683,Raelynn Hong,Director,Marketing,Female,28
E03694,Eli Reed,Systems Analyst,IT,Male,51
E04766,Lyla Yoon,Vice President,Accounting,Female,38
E01465,Hannah White,Sr. Manger,Accounting,Female,62
E00206,Theodore Xi,Manager,Finance,Male,52
E04088,Ezra Liang,Vice President,Finance,Male,52
E02066,Grayson Yee,Manager,Human Resources,Male,48
E03227,Eli Richardson,IT Coordinator,IT,Male,38
E03364,Audrey Lee,Development Engineer,Engineering,Female,51
E00607,Jameson Allen,Director,Marketing,Male,32
E02258,Eliza Chen,Enterprise Architect,IT,Female,36
E03681,Lyla Chen,Sr. Business Partner,Human Resources,Female,45
E02298,Emily Doan,Engineering Manager,Engineering,Female,32
E02984,Jack Mai,Sr. Analyst,Marketing,Male,45
E02440,Grayson Turner,Solutions Architect,IT,Male,54
E04699,Ivy Tang,Development Engineer,Engineering,Female,48
E03579,Robert Zhang,Vice President,Marketing,Male,45
E01649,Eva Alvarado,Computer Systems Manager,IT,Female,46
E04969,Abigail Vang,Operations Engineer,Engineering,Female,40
E00170,Claire Adams,Director,Sales,Female,61
E00955,Theodore Marquez,Development Engineer,Engineering,Male,54
E00810,Hunter Nunez,Vice President,Human Resources,Male,62
E02798,Charles Henderson,Systems Analyst,IT,Male,48
E04542,Camila Cortez,Manager,Marketing,Female,29
E02818,Aaron Garza,Director,Sales,Male,39
E02907,Jose Singh,Sr. Manger,Finance,Male,44
E00023,Gabriel Joseph,Director,Engineering,Male,52
E02391,Natalia Santos,Vice President,Human Resources,Female,45
E01429,Dylan Wilson,Network Administrator,IT,Male,48
E00494,Robert Alvarez,Service Desk Analyst,IT,Male,39
E00634,Samantha Chavez,Sr. Analyst,Sales,Female,53
E01249,Samuel Bailey,Vice President,Accounting,Male,41
E04683,Ezekiel Delgado,Director,Engineering,Male,40
E04732,Benjamin Ramirez,Network Engineer,IT,Male,48
E03834,Anthony Carter,Director,Engineering,Male,41
E02923,Ethan Tang,Sr. Analyst,Accounting,Male,54
E02642,Sebastian Rogers,HRIS Analyst,Human Resources,Male,38
E00981,Miles Thao,System Administrator ,IT,Male,57
E04157,William Cao,Sr. Analyst,Marketing,Male,63
E03528,Leo Hsu,Sr. Manger,Human Resources,Male,62
E04547,Avery Grant,Enterprise Architect,IT,Female,49
E04415,Penelope Fong,Director,Accounting,Female,60
E04484,Vivian Thao,Quality Engineer,Engineering,Female,45
E02800,Eva Estrada,Sr. Manger,Sales,Female,45
E04926,Emma Luna,Field Engineer,Engineering,Female,52
E01268,Charlotte Wu,Sr. Business Partner,Human Resources,Female,63
E04853,Vivian Chu,Sr. Account Representative,Sales,Female,46
E01209,Jayden Williams,Manager,Human Resources,Male,64
E02024,Amelia Bell,Sr. Analyst,Sales,Female,53
E02427,Addison Mehta,Manager,Sales,Female,27
E00276,Alexander Jackson,Manager,Human Resources,Male,45
E00951,Everly Lin,Business Partner,Human Resources,Female,25
E03248,Lyla Stewart,Sr. Manger,IT,Female,43
E04444,Brooklyn Ruiz,IT Coordinator,IT,Female,61
E02307,Skylar Evans,Director,Accounting,Female,42
E02375,Lincoln Huynh,Sr. Manger,Finance,Male,63
E02276,Hazel Griffin,Field Engineer,Engineering,Female,32
E02649,Charles Gonzalez,Quality Engineer,Engineering,Male,27
E00503,Leah Patterson,Manager,Human Resources,Female,33
E01706,Avery Sun,Operations Engineer,Engineering,Female,45
E00676,Isaac Yoon,Manager,Human Resources,Male,41
E02005,Isabella Bui,Enterprise Architect,IT,Female,36
E01895,Gabriel Zhou,IT Coordinator,IT,Male,25
E01396,Jack Vu,Analyst II,Accounting,Male,43
E00749,Valentina Moua,Account Representative,Sales,Female,37
E01941,Quinn Trinh,Analyst II,Sales,Female,42
E01413,Caroline Nelson,Sr. Account Representative,Sales,Female,60
E03928,Miles Dang,IT Coordinator,IT,Male,61
E04109,Leah Bryant,IT Coordinator,IT,Female,55
E03994,Henry Jung,Automation Engineer,Engineering,Male,57
E00639,Benjamin Mai,System Administrator ,IT,Male,54
E00608,Anna Han,Development Engineer,Engineering,Female,29
E04189,Ariana Kim,Network Architect,IT,Female,33
E02732,Alice Tran,Analyst,Marketing,Female,39
E00324,Hailey Song,Manager,Finance,Female,37
E00518,Lydia Morales,Manager,Finance,Female,51
E01286,Liam Sanders,Sr. Business Partner,Human Resources,Male,46
E04564,Luke Sanchez,Sr. Manger,Human Resources,Male,41
E02033,Grace Sun,Director,Finance,Female,25
E00412,Ezra Banks,Analyst II,Sales,Male,37
E01844,Jayden Kang,Analyst,Finance,Male,46
E00667,Skylar Shah,Field Engineer,Engineering,Female,42
E02639,Sebastian Le,Analyst,Finance,Male,37
E00287,Luca Nelson,Manager,Finance,Male,60
E02235,Riley Ramirez,Sr. Business Partner,Human Resources,Female,52
E02720,Jaxon Fong,Sr. Analyst,Sales,Male,59
E03583,Kayden Jordan,Cloud Infrastructure Architect,IT,Male,48
E01188,Alexander James,Sr. Manger,Human Resources,Male,42
E02428,Connor Luu,Computer Systems Manager,IT,Male,35
E03289,Christopher Lam,Vice President,Accounting,Male,64
E01947,Sophie Owens,Analyst II,Finance,Female,30
E02024,Addison Perez,Operations Engineer,Engineering,Female,29
E04249,Hadley Dang,Vice President,Accounting,Female,47
E01090,Ethan Mehta,Director,Sales,Male,49
E03830,Madison Her,Technical Architect,IT,Female,56
E04363,Savannah Singh,Director,Marketing,Female,53
E04920,Nevaeh Hsu,Sr. Manger,Human Resources,Female,32
E03866,Jordan Zhu,Sr. Manger,Marketing,Male,32
E03521,Jackson Navarro,Director,Sales,Male,52
E04095,Sadie Patterson,Sr. Analyst,Accounting,Female,38
E04079,Christopher Butler,Network Architect,IT,Male,41
E01508,Penelope Rodriguez,Engineering Manager,Engineering,Female,49
E02259,Emily Lau,Sr. Analyst,Finance,Female,35
E04972,Sophie Oh,Network Engineer,IT,Female,29
E01834,Chloe Allen,Solutions Architect,IT,Female,64
E03124,Caleb Nelson,Director,Marketing,Male,33
E01898,Oliver Moua,IT Systems Architect,IT,Male,29
E00342,Wesley Doan,Manager,Finance,Male,63
E03910,Nova Hsu,Manager,Human Resources,Female,32
E00862,Levi Moreno,Systems Analyst,IT,Male,64
E02576,Gianna Ha,Manager,IT,Female,55
E00035,Lillian Gonzales,Cloud Infrastructure Architect,IT,Female,43
E01832,Ezra Singh,Analyst,Finance,Male,56
E01755,Audrey Patel,Sr. Manger,Finance,Female,37
E00465,Brooklyn Cho,Technical Architect,IT,Female,45
E02391,Piper Ramos,Sr. Manger,Sales,Female,49
E04697,Eleanor Williams,Enterprise Architect,IT,Female,61
E00371,Melody Grant,Quality Engineer,Engineering,Female,41
E02992,Paisley Sanders,Sr. Manger,Marketing,Female,55
E04369,Santiago f Gray,Quality Engineer,Engineering,Male,27
E00592,Josephine Richardson,System Administrator ,IT,Female,57
E03532,Jaxson Santiago,Engineering Manager,Engineering,Male,56
E00863,Lincoln Ramos,Operations Engineer,Engineering,Male,59
E03310,Dylan Campbell,Director,Engineering,Male,45
E01883,Olivia Gray,Manager,Marketing,Female,42
E01242,Emery Doan,Controls Engineer,Engineering,Female,25
E02535,Caroline Perez,Controls Engineer,Engineering,Female,29
E00369,Genesis Woods,Manager,Human Resources,Female,33
E03332,Ruby Sun,Cloud Infrastructure Architect,IT,Female,50
E03278,Nevaeh James,Solutions Architect,IT,Female,45
E02492,Parker Sandoval,Manager,Human Resources,Male,59
E03055,Austin Rojas,Vice President,Finance,Male,29
E01943,Vivian Espinoza,Sr. Manger,Sales,Female,52
E01388,Cooper Gupta,Business Partner,Human Resources,Male,58
E00717,Axel Santos,Sr. Analyst,Accounting,Male,62
E04637,Samuel Song,Director,Sales,Male,31
E03240,Aiden Silva,Vice President,IT,Male,42
E00340,Eliana Allen,Business Partner,Human Resources,Female,56
E04751,Grayson James,Operations Engineer,Engineering,Male,54
E04636,Hailey Yee,Account Representative,Sales,Female,54
E00568,Ian Vargas,Analyst,Sales,Male,26
E02938,John Trinh,Director,Marketing,Male,49
E00555,Sofia Trinh,Network Architect,IT,Female,45
E01111,Santiago f Moua,Sr. Manger,Human Resources,Male,45
E03149,Layla Collins,IT Systems Architect,IT,Female,26
E00952,Jaxon Powell,Field Engineer,Engineering,Male,59
E04380,Naomi Washington,Manager,IT,Female,51
E04095,Ryan Holmes,Sr. Manger,Marketing,Male,45
E04994,Bella Holmes,Director,Accounting,Female,35
E00447,Hailey Sanchez,Vice President,Marketing,Female,32
E00089,Sofia Yoon,Sr. Manger,Human Resources,Female,37
E02035,Eli Rahman,Service Desk Analyst,IT,Male,45
E03595,Christopher Howard,Enterprise Architect,IT,Male,61
E03611,Alice Mehta,Analyst II,Sales,Female,45
E04464,Cooper Yoon,Engineering Manager,Engineering,Male,60
E02135,John Delgado,Cloud Infrastructure Architect,IT,Male,30
E01684,Jaxson Liang,Field Engineer,Engineering,Male,64
E02968,Caroline Santos,Analyst II,Finance,Female,25
E03362,Lily Henderson,HRIS Analyst,Human Resources,Female,61
E01108,Hannah Martinez,Manager,Marketing,Female,65
E02217,William Phillips,Network Architect,IT,Male,61
E03519,Eliza Zheng,Computer Systems Manager,IT,Female,48
E01967,John Dang,Director,Sales,Male,58
E01125,Joshua Yang,Network Engineer,IT,Male,34
E03795,Hazel Young,Sr. Manger,Sales,Female,30
E00508,Thomas Jung,Sr. Analyst,Accounting,Male,50
E02047,Xavier Perez,Sr. Analyst,Sales,Male,51
E01582,Elijah Coleman,Sr. Manger,Sales,Male,53
E02563,Clara Sanchez,Controls Engineer,Engineering,Female,47
E04872,Isaac Stewart,Director,Marketing,Male,25
E03159,Claire Romero,Vice President,Marketing,Female,37
E01337,Andrew Coleman,Director,Finance,Male,41
E00102,Riley Rojas,Network Architect,IT,Female,36
E03637,Landon Thao,HRIS Analyst,Human Resources,Male,25
E03455,Hadley Ford,Systems Analyst,IT,Female,52
E03354,Austin Brown,Director,Marketing,Male,48
E01225,Christian Fong,Manager,Sales,Male,49
E01264,Hazel Alvarez,Business Partner,Human Resources,Female,62
E02274,Isabella Bailey,Network Administrator,IT,Female,36
E02848,Lincoln Huynh,System Administrator ,IT,Male,55
E00480,Hadley Yee,Business Partner,Human Resources,Female,31
E00203,Julia Doan,Business Partner,Human Resources,Female,53
E00647,Dylan Ali,Sr. Manger,Human Resources,Male,27
E03296,Eloise Trinh,Solutions Architect,IT,Female,39
E02453,Dylan Kumar,Sr. Analyst,Marketing,Male,55
E00647,Emily Gupta,HRIS Analyst,Human Resources,Female,44
E02522,Silas Rivera,Vice President,Sales,Male,48
E00459,Jackson Jordan,Business Partner,Human Resources,Male,48
E03007,Isaac Joseph,Analyst,Sales,Male,54
E04035,Hailey Lai,Sr. Manger,Finance,Female,42
E00952,Leilani Thao,Director,Human Resources,Female,38
E03863,Madeline Watson,Account Representative,Sales,Female,40
E02710,Silas Huang,Engineering Manager,Engineering,Male,57
E01895,Peyton Walker,Analyst,Marketing,Female,43
E01339,Jeremiah Hernandez,Network Engineer,IT,Male,26
E02938,Jace Washington,Manager,Accounting,Male,44
E03379,Landon Kim,Manager,Human Resources,Male,50
E02153,Peyton Vasquez,Analyst,Accounting,Female,26
E00994,Charlotte Baker,Analyst II,Sales,Female,29
E00943,Elena Mendoza,Director,Sales,Female,27
E00869,Nova Lin,Cloud Infrastructure Architect,IT,Female,33
E03457,Ivy Desai,Controls Engineer,Engineering,Female,59
E02193,Josephine Acosta,Director,Human Resources,Female,40
E00577,Nora Nunez,Analyst II,Finance,Female,45
E00538,Caleb Xiong,Sr. Account Representative,Sales,Male,38
E01415,Henry Green,Sr. Account Representative,Sales,Male,32
E00717,Madelyn Chan,Manager,Sales,Female,64
E00225,Angel Delgado,Director,Finance,Male,31
E02889,Mia Herrera,Director,Marketing,Female,43
E04978,Peyton Harris,Enterprise Architect,IT,Female,45
E04163,David Herrera,Engineering Manager,Engineering,Male,32
E01652,Avery Dominguez,Sr. Manger,Sales,Female,27
E00880,Grace Carter,Sr. Manger,Human Resources,Female,25
E04335,Parker Allen,Sr. Analyst,Sales,Male,31
E01300,Sadie Lee,Sr. Manger,Marketing,Female,65
E03102,Cooper Valdez,Manager,Sales,Male,50
E04089,Sebastian Fong,Sr. Manger,IT,Male,46
E02059,Roman Munoz,Sr. Manger,Sales,Male,54
E03894,Charlotte Chang,Manager,Sales,Female,50
E03106,Xavier Davis,Vice President,Finance,Male,36
E01350,Natalie Carter,Director,Finance,Female,64
E02900,Elena Richardson,Manager,Accounting,Female,34
E02202,Emilia Bailey,Vice President,Accounting,Female,41
E02696,Ryan Lu,Development Engineer,Engineering,Male,25
E01722,Asher Huynh,Manager,IT,Male,45
E04562,Kinsley Martinez,Director,Human Resources,Female,52
E00640,Paisley Bryant,Cloud Infrastructure Architect,IT,Female,37
E02554,Joshua Ramirez,Vice President,Human Resources,Male,44
E03412,Joshua Martin,Sr. Manger,Human Resources,Male,42
E00646,Charles Moore,Analyst,Accounting,Male,49
E04670,Angel Do,IT Systems Architect,IT,Male,34
E03580,Maverick Medina,Analyst II,Sales,Male,39
E00446,Isaac Han,Vice President,Human Resources,Male,31
E02363,Eliza Liang,Sr. Manger,Human Resources,Female,36
E03718,Zoe Zhou,Manager,Finance,Female,61
E01749,Nathan Lee,Analyst,Accounting,Male,29
E02888,Elijah Ramos,Sr. Manger,IT,Male,33
E01338,Jaxson Coleman,Manager,Finance,Male,32
E03000,Hailey Hong,Account Representative,Sales,Female,33
E01611,Gabriella Zhu,Computer Systems Manager,IT,Female,36
E02684,Aaron Maldonado,Analyst II,Finance,Male,39
E02561,Samantha Vargas,Director,Human Resources,Female,53
E03168,Nora Le,Sr. Manger,IT,Female,53
E00758,Alice Roberts,Director,Human Resources,Female,54
E03691,Colton Garcia,Solutions Architect,IT,Male,55
E01488,Stella Lai,Sr. Analyst,Accounting,Female,44
E04415,Leonardo Luong,Manager,Finance,Male,52
E03278,Nicholas Wong,Director,Sales,Male,27
E00282,Jeremiah Castillo,Analyst II,Accounting,Male,58
E03305,Cooper Jiang,Analyst II,Accounting,Male,49
E00559,Penelope Silva,Network Architect,IT,Female,36
E02558,Jose Richardson,Director,Marketing,Male,26
E00956,Eleanor Chau,Development Engineer,Engineering,Female,37
E03858,John Cho,Director,Human Resources,Male,47
E02221,Julian Delgado,Systems Analyst,IT,Male,29
E00126,Isabella Scott,Network Administrator,IT,Female,58
E02627,Parker Avila,Analyst II,Marketing,Male,47
E03778,Luke Vu,Sr. Manger,Marketing,Male,52
E00481,Jameson Nelson,Network Architect,IT,Male,61
E02833,Adrian Fernandez,Systems Analyst,IT,Male,45
E03902,Madison Hunter,Network Administrator,IT,Female,40
E02310,Jordan Phillips,Vice President,Human Resources,Male,45
E02661,Maya Chan,Controls Engineer,Engineering,Female,37
E00836,Wesley King,Manager,Accounting,Male,57
E00682,Sofia Fernandez,Manager,Accounting,Female,44
E00287,Maverick Figueroa,IT Systems Architect,IT,Male,48
E00785,Hannah Hoang,Manager,Accounting,Female,25
E04598,Violet Garcia,Sr. Analyst,Marketing,Female,35
E03247,Aaliyah Mai,Vice President,IT,Female,57
E02703,Austin Vang,Manager,Marketing,Male,49
E02191,Maria Sun,Director,Sales,Female,25
E00156,Madelyn Scott,Sr. Manger,IT,Female,46
E03349,Dylan Chin,Director,Finance,Male,60
E04032,Emery Zhang,Field Engineer,Engineering,Female,45
E00005,Riley Washington,Director,Sales,Female,39
E04354,Raelynn Rios,Vice President,Sales,Female,43
E01578,Anthony Hong,Sr. Manger,IT,Male,37
E03430,Leo Herrera,Sr. Business Partner,Human Resources,Male,48
E03058,Robert Wright,Technical Architect,IT,Male,30
E04762,Audrey Richardson,Director,IT,Female,46
E01148,Scarlett Kumar,Systems Analyst,IT,Female,55
E03094,Wesley Young,Sr. Analyst,Marketing,Male,33
E01909,Lillian Khan,Analyst,Finance,Female,44
E04398,Oliver Yang,Director,Marketing,Male,31
E02521,Lily Nguyen,Sr. Analyst,Finance,Female,33
E03545,Sofia Cheng,Vice President,Accounting,Female,63
